time_hrs,z_m,theta_smooth_K,U_smooth_m_s,Ri_g,zeta_BD,zeta_G07,C_const_G07,C_coord_G07,fold_ratio,kappa_G07,is_jet_nose
0.000,2.00,NaN,NaN,NaN,NaN,NaN,NaN,NaN,NaN,NaN,1
0.000,10.00,NaN,NaN,NaN,NaN,NaN,NaN,NaN,NaN,NaN,0
14399.952,2.00,NaN,NaN,NaN,NaN,NaN,NaN,NaN,NaN,NaN,1
14399.952,10.00,NaN,NaN,NaN,NaN,NaN,NaN,NaN,NaN,NaN,0
28799.976,2.00,NaN,NaN,NaN,NaN,NaN,NaN,NaN,NaN,NaN,1
28799.976,10.00,NaN,NaN,NaN,NaN,NaN,NaN,NaN,NaN,NaN,0
43200.000,2.00,NaN,NaN,NaN,NaN,NaN,NaN,NaN,NaN,NaN,1
43200.000,10.00,NaN,NaN,NaN,NaN,NaN,NaN,NaN,NaN,NaN,0
57599.952,2.00,NaN,NaN,NaN,NaN,NaN,NaN,NaN,NaN,NaN,1
57599.952,10.00,NaN,NaN,NaN,NaN,NaN,NaN,NaN,NaN,NaN,0
71999.976,2.00,NaN,NaN,NaN,NaN,NaN,NaN,NaN,NaN,NaN,1
71999.976,10.00,NaN,NaN,NaN,NaN,NaN,NaN,NaN,NaN,NaN,0
86400.000,2.00,NaN,NaN,NaN,NaN,NaN,NaN,NaN,NaN,NaN,1
86400.000,10.00,NaN,NaN,NaN,NaN,NaN,NaN,NaN,NaN,NaN,0
100799.952,2.00,NaN,NaN,NaN,NaN,NaN,NaN,NaN,NaN,NaN,1
100799.952,10.00,NaN,NaN,NaN,NaN,NaN,NaN,NaN,NaN,NaN,0
115199.976,2.00,NaN,NaN,NaN,NaN,NaN,NaN,NaN,NaN,NaN,1
115199.976,10.00,NaN,NaN,NaN,NaN,NaN,NaN,NaN,NaN,NaN,0
129600.000,2.00,NaN,NaN,NaN,NaN,NaN,NaN,NaN,NaN,NaN,1
129600.000,10.00,NaN,NaN,NaN,NaN,NaN,NaN,NaN,NaN,NaN,0
143999.952,2.00,NaN,NaN,NaN,NaN,NaN,NaN,NaN,NaN,NaN,1
143999.952,10.00,NaN,NaN,NaN,NaN,NaN,NaN,NaN,NaN,NaN,0
158399.976,2.00,NaN,NaN,NaN,NaN,NaN,NaN,NaN,NaN,NaN,1
158399.976,10.00,NaN,NaN,NaN,NaN,NaN,NaN,NaN,NaN,NaN,0
172800.000,2.00,NaN,NaN,NaN,NaN,NaN,NaN,NaN,NaN,NaN,1
172800.000,10.00,NaN,NaN,NaN,NaN,NaN,NaN,NaN,NaN,NaN,0
187199.952,2.00,NaN,NaN,NaN,NaN,NaN,NaN,NaN,NaN,NaN,1
187199.952,10.00,NaN,NaN,NaN,NaN,NaN,NaN,NaN,NaN,NaN,0
201599.976,2.00,NaN,NaN,NaN,NaN,NaN,NaN,NaN,NaN,NaN,1
201599.976,10.00,NaN,NaN,NaN,NaN,NaN,NaN,NaN,NaN,NaN,0
216000.000,2.00,NaN,NaN,NaN,NaN,NaN,NaN,NaN,NaN,NaN,1
216000.000,10.00,NaN,NaN,NaN,NaN,NaN,NaN,NaN,NaN,NaN,0
230399.952,2.00,NaN,NaN,NaN,NaN,NaN,NaN,NaN,NaN,NaN,1
230399.952,10.00,NaN,NaN,NaN,NaN,NaN,NaN,NaN,NaN,NaN,0
244799.976,2.00,NaN,NaN,NaN,NaN,NaN,NaN,NaN,NaN,NaN,1
244799.976,10.00,NaN,NaN,NaN,NaN,NaN,NaN,NaN,NaN,NaN,0
259200.000,2.00,NaN,NaN,NaN,NaN,NaN,NaN,NaN,NaN,NaN,1
259200.000,10.00,NaN,NaN,NaN,NaN,NaN,NaN,NaN,NaN,NaN,0
273599.952,2.00,NaN,NaN,NaN,NaN,NaN,NaN,NaN,NaN,NaN,1
273599.952,10.00,NaN,NaN,NaN,NaN,NaN,NaN,NaN,NaN,NaN,0
287999.976,2.00,NaN,NaN,NaN,NaN,NaN,NaN,NaN,NaN,NaN,1
287999.976,10.00,NaN,NaN,NaN,NaN,NaN,NaN,NaN,NaN,NaN,0
302400.000,2.00,NaN,NaN,NaN,NaN,NaN,NaN,NaN,NaN,NaN,1
302400.000,10.00,NaN,NaN,NaN,NaN,NaN,NaN,NaN,NaN,NaN,0
316800.048,2.00,NaN,NaN,NaN,NaN,NaN,NaN,NaN,NaN,NaN,1
316800.048,10.00,NaN,NaN,NaN,NaN,NaN,NaN,NaN,NaN,NaN,0
331199.976,2.00,NaN,NaN,NaN,NaN,NaN,NaN,NaN,NaN,NaN,1
331199.976,10.00,NaN,NaN,NaN,NaN,NaN,NaN,NaN,NaN,NaN,0
345599.928,2.00,NaN,NaN,NaN,NaN,NaN,NaN,NaN,NaN,NaN,1
345599.928,10.00,NaN,NaN,NaN,NaN,NaN,NaN,NaN,NaN,NaN,0
360000.048,2.00,NaN,NaN,NaN,NaN,NaN,NaN,NaN,NaN,NaN,1
360000.048,10.00,NaN,NaN,NaN,NaN,NaN,NaN,NaN,NaN,NaN,0
374399.976,2.00,NaN,NaN,NaN,NaN,NaN,NaN,NaN,NaN,NaN,1
374399.976,10.00,NaN,NaN,NaN,NaN,NaN,NaN,NaN,NaN,NaN,0
388799.928,2.00,NaN,NaN,NaN,NaN,NaN,NaN,NaN,NaN,NaN,1
388799.928,10.00,NaN,NaN,NaN,NaN,NaN,NaN,NaN,NaN,NaN,0
403200.048,2.00,NaN,NaN,NaN,NaN,NaN,NaN,NaN,NaN,NaN,1
403200.048,10.00,NaN,NaN,NaN,NaN,NaN,NaN,NaN,NaN,NaN,0
417599.976,2.00,NaN,NaN,NaN,NaN,NaN,NaN,NaN,NaN,NaN,1
417599.976,10.00,NaN,NaN,NaN,NaN,NaN,NaN,NaN,NaN,NaN,0
431999.928,2.00,NaN,NaN,NaN,NaN,NaN,NaN,NaN,NaN,NaN,1
431999.928,10.00,NaN,NaN,NaN,NaN,NaN,NaN,NaN,NaN,NaN,0
446400.048,2.00,NaN,NaN,NaN,NaN,NaN,NaN,NaN,NaN,NaN,1
446400.048,10.00,NaN,NaN,NaN,NaN,NaN,NaN,NaN,NaN,NaN,0
460799.976,2.00,NaN,NaN,NaN,NaN,NaN,NaN,NaN,NaN,NaN,1
460799.976,10.00,NaN,NaN,NaN,NaN,NaN,NaN,NaN,NaN,NaN,0
475199.928,2.00,NaN,NaN,NaN,NaN,NaN,NaN,NaN,NaN,NaN,1
475199.928,10.00,NaN,NaN,NaN,NaN,NaN,NaN,NaN,NaN,NaN,0
489600.048,2.00,NaN,NaN,NaN,NaN,NaN,NaN,NaN,NaN,NaN,1
489600.048,10.00,NaN,NaN,NaN,NaN,NaN,NaN,NaN,NaN,NaN,0
503999.976,2.00,NaN,NaN,NaN,NaN,NaN,NaN,NaN,NaN,NaN,1
503999.976,10.00,NaN,NaN,NaN,NaN,NaN,NaN,NaN,NaN,NaN,0
518399.928,2.00,NaN,NaN,NaN,NaN,NaN,NaN,NaN,NaN,NaN,1
518399.928,10.00,NaN,NaN,NaN,NaN,NaN,NaN,NaN,NaN,NaN,0
532800.048,2.00,NaN,NaN,NaN,NaN,NaN,NaN,NaN,NaN,NaN,1
532800.048,10.00,NaN,NaN,NaN,NaN,NaN,NaN,NaN,NaN,NaN,0
547199.976,2.00,NaN,NaN,NaN,NaN,NaN,NaN,NaN,NaN,NaN,1
547199.976,10.00,NaN,NaN,NaN,NaN,NaN,NaN,NaN,NaN,NaN,0
561600.096,2.00,NaN,NaN,NaN,NaN,NaN,NaN,NaN,NaN,NaN,1
561600.096,10.00,NaN,NaN,NaN,NaN,NaN,NaN,NaN,NaN,NaN,0
576000.048,2.00,NaN,NaN,NaN,NaN,NaN,NaN,NaN,NaN,NaN,1
576000.048,10.00,NaN,NaN,NaN,NaN,NaN,NaN,NaN,NaN,NaN,0
590399.976,2.00,NaN,NaN,NaN,NaN,NaN,NaN,NaN,NaN,NaN,1
590399.976,10.00,NaN,NaN,NaN,NaN,NaN,NaN,NaN,NaN,NaN,0
604800.096,2.00,NaN,NaN,NaN,NaN,NaN,NaN,NaN,NaN,NaN,1
604800.096,10.00,NaN,NaN,NaN,NaN,NaN,NaN,NaN,NaN,NaN,0
619200.048,2.00,NaN,NaN,NaN,NaN,NaN,NaN,NaN,NaN,NaN,1
619200.048,10.00,NaN,NaN,NaN,NaN,NaN,NaN,NaN,NaN,NaN,0
633599.976,2.00,NaN,NaN,NaN,NaN,NaN,NaN,NaN,NaN,NaN,1
633599.976,10.00,NaN,NaN,NaN,NaN,NaN,NaN,NaN,NaN,NaN,0
648000.096,2.00,NaN,NaN,NaN,NaN,NaN,NaN,NaN,NaN,NaN,1
648000.096,10.00,NaN,NaN,NaN,NaN,NaN,NaN,NaN,NaN,NaN,0
662400.048,2.00,NaN,NaN,NaN,NaN,NaN,NaN,NaN,NaN,NaN,1
662400.048,10.00,NaN,NaN,NaN,NaN,NaN,NaN,NaN,NaN,NaN,0
676799.976,2.00,NaN,NaN,NaN,NaN,NaN,NaN,NaN,NaN,NaN,1
676799.976,10.00,NaN,NaN,NaN,NaN,NaN,NaN,NaN,NaN,NaN,0
691200.096,2.00,NaN,NaN,NaN,NaN,NaN,NaN,NaN,NaN,NaN,1
691200.096,10.00,NaN,NaN,NaN,NaN,NaN,NaN,NaN,NaN,NaN,0
705600.048,2.00,NaN,NaN,NaN,NaN,NaN,NaN,NaN,NaN,NaN,1
705600.048,10.00,NaN,NaN,NaN,NaN,NaN,NaN,NaN,NaN,NaN,0
719999.976,2.00,NaN,NaN,NaN,NaN,NaN,NaN,NaN,NaN,NaN,1
719999.976,10.00,NaN,NaN,NaN,NaN,NaN,NaN,NaN,NaN,NaN,0
734400.096,2.00,NaN,NaN,NaN,NaN,NaN,NaN,NaN,NaN,NaN,1
734400.096,10.00,NaN,NaN,NaN,NaN,NaN,NaN,NaN,NaN,NaN,0
748800.048,2.00,NaN,NaN,NaN,NaN,NaN,NaN,NaN,NaN,NaN,1
748800.048,10.00,NaN,NaN,NaN,NaN,NaN,NaN,NaN,NaN,NaN,0
763199.976,2.00,NaN,NaN,NaN,NaN,NaN,NaN,NaN,NaN,NaN,1
763199.976,10.00,NaN,NaN,NaN,NaN,NaN,NaN,NaN,NaN,NaN,0
777600.096,2.00,NaN,NaN,NaN,NaN,NaN,NaN,NaN,NaN,NaN,1
777600.096,10.00,NaN,NaN,NaN,NaN,NaN,NaN,NaN,NaN,NaN,0
792000.048,2.00,NaN,NaN,NaN,NaN,NaN,NaN,NaN,NaN,NaN,1
792000.048,10.00,NaN,NaN,NaN,NaN,NaN,NaN,NaN,NaN,NaN,0
806399.976,2.00,NaN,NaN,NaN,NaN,NaN,NaN,NaN,NaN,NaN,1
806399.976,10.00,NaN,NaN,NaN,NaN,NaN,NaN,NaN,NaN,NaN,0
820800.096,2.00,NaN,NaN,NaN,NaN,NaN,NaN,NaN,NaN,NaN,1
820800.096,10.00,NaN,NaN,NaN,NaN,NaN,NaN,NaN,NaN,NaN,0
835200.048,2.00,NaN,NaN,NaN,NaN,NaN,NaN,NaN,NaN,NaN,1
835200.048,10.00,NaN,NaN,NaN,NaN,NaN,NaN,NaN,NaN,NaN,0
849599.976,2.00,NaN,NaN,NaN,NaN,NaN,NaN,NaN,NaN,NaN,1
849599.976,10.00,NaN,NaN,NaN,NaN,NaN,NaN,NaN,NaN,NaN,0
864000.096,2.00,NaN,NaN,NaN,NaN,NaN,NaN,NaN,NaN,NaN,1
864000.096,10.00,NaN,NaN,NaN,NaN,NaN,NaN,NaN,NaN,NaN,0
878400.048,2.00,NaN,NaN,NaN,NaN,NaN,NaN,NaN,NaN,NaN,1
878400.048,10.00,NaN,NaN,NaN,NaN,NaN,NaN,NaN,NaN,NaN,0
892799.976,2.00,NaN,NaN,NaN,NaN,NaN,NaN,NaN,NaN,NaN,1
892799.976,10.00,NaN,NaN,NaN,NaN,NaN,NaN,NaN,NaN,NaN,0
907200.096,2.00,NaN,NaN,NaN,NaN,NaN,NaN,NaN,NaN,NaN,1
907200.096,10.00,NaN,NaN,NaN,NaN,NaN,NaN,NaN,NaN,NaN,0
921600.048,2.00,NaN,NaN,NaN,NaN,NaN,NaN,NaN,NaN,NaN,1
921600.048,10.00,NaN,NaN,NaN,NaN,NaN,NaN,NaN,NaN,NaN,0
935999.976,2.00,NaN,NaN,NaN,NaN,NaN,NaN,NaN,NaN,NaN,1
935999.976,10.00,NaN,NaN,NaN,NaN,NaN,NaN,NaN,NaN,NaN,0
950400.096,2.00,NaN,NaN,NaN,NaN,NaN,NaN,NaN,NaN,NaN,1
950400.096,10.00,NaN,NaN,NaN,NaN,NaN,NaN,NaN,NaN,NaN,0
964800.048,2.00,NaN,NaN,NaN,NaN,NaN,NaN,NaN,NaN,NaN,1
964800.048,10.00,NaN,NaN,NaN,NaN,NaN,NaN,NaN,NaN,NaN,0
979199.976,2.00,NaN,NaN,NaN,NaN,NaN,NaN,NaN,NaN,NaN,1
979199.976,10.00,NaN,NaN,NaN,NaN,NaN,NaN,NaN,NaN,NaN,0
993600.096,2.00,NaN,NaN,NaN,NaN,NaN,NaN,NaN,NaN,NaN,1
993600.096,10.00,NaN,NaN,NaN,NaN,NaN,NaN,NaN,NaN,NaN,0
1008000.048,2.00,NaN,NaN,NaN,NaN,NaN,NaN,NaN,NaN,NaN,1
1008000.048,10.00,NaN,NaN,NaN,NaN,NaN,NaN,NaN,NaN,NaN,0
1022399.976,2.00,NaN,NaN,NaN,NaN,NaN,NaN,NaN,NaN,NaN,1
1022399.976,10.00,NaN,NaN,NaN,NaN,NaN,NaN,NaN,NaN,NaN,0
1036800.096,2.00,NaN,NaN,NaN,NaN,NaN,NaN,NaN,NaN,NaN,1
1036800.096,10.00,NaN,NaN,NaN,NaN,NaN,NaN,NaN,NaN,NaN,0
1051200.048,2.00,NaN,NaN,NaN,NaN,NaN,NaN,NaN,NaN,NaN,1
1051200.048,10.00,NaN,NaN,NaN,NaN,NaN,NaN,NaN,NaN,NaN,0
1065599.976,2.00,NaN,NaN,NaN,NaN,NaN,NaN,NaN,NaN,NaN,1
1065599.976,10.00,NaN,NaN,NaN,NaN,NaN,NaN,NaN,NaN,NaN,0
1080000.096,2.00,NaN,NaN,NaN,NaN,NaN,NaN,NaN,NaN,NaN,1
1080000.096,10.00,NaN,NaN,NaN,NaN,NaN,NaN,NaN,NaN,NaN,0
1094400.048,2.00,NaN,NaN,NaN,NaN,NaN,NaN,NaN,NaN,NaN,1
1094400.048,10.00,NaN,NaN,NaN,NaN,NaN,NaN,NaN,NaN,NaN,0
1108799.976,2.00,NaN,NaN,NaN,NaN,NaN,NaN,NaN,NaN,NaN,1
1108799.976,10.00,NaN,NaN,NaN,NaN,NaN,NaN,NaN,NaN,NaN,0
1123200.096,2.00,NaN,NaN,NaN,NaN,NaN,NaN,NaN,NaN,NaN,1
1123200.096,10.00,NaN,NaN,NaN,NaN,NaN,NaN,NaN,NaN,NaN,0
1137600.048,2.00,NaN,NaN,NaN,NaN,NaN,NaN,NaN,NaN,NaN,1
1137600.048,10.00,NaN,NaN,NaN,NaN,NaN,NaN,NaN,NaN,NaN,0
1151999.976,2.00,NaN,NaN,NaN,NaN,NaN,NaN,NaN,NaN,NaN,1
1151999.976,10.00,NaN,NaN,NaN,NaN,NaN,NaN,NaN,NaN,NaN,0
1166400.096,2.00,NaN,NaN,NaN,NaN,NaN,NaN,NaN,NaN,NaN,1
1166400.096,10.00,NaN,NaN,NaN,NaN,NaN,NaN,NaN,NaN,NaN,0
1180800.048,2.00,NaN,NaN,NaN,NaN,NaN,NaN,NaN,NaN,NaN,1
1180800.048,10.00,NaN,NaN,NaN,NaN,NaN,NaN,NaN,NaN,NaN,0
1195199.976,2.00,NaN,NaN,NaN,NaN,NaN,NaN,NaN,NaN,NaN,1
1195199.976,10.00,NaN,NaN,NaN,NaN,NaN,NaN,NaN,NaN,NaN,0
1209600.096,2.00,NaN,NaN,NaN,NaN,NaN,NaN,NaN,NaN,NaN,1
1209600.096,10.00,NaN,NaN,NaN,NaN,NaN,NaN,NaN,NaN,NaN,0
1224000.048,2.00,NaN,NaN,NaN,NaN,NaN,NaN,NaN,NaN,NaN,1
1224000.048,10.00,NaN,NaN,NaN,NaN,NaN,NaN,NaN,NaN,NaN,0
1238399.976,2.00,NaN,NaN,NaN,NaN,NaN,NaN,NaN,NaN,NaN,1
1238399.976,10.00,NaN,NaN,NaN,NaN,NaN,NaN,NaN,NaN,NaN,0
1252800.096,2.00,NaN,NaN,NaN,NaN,NaN,NaN,NaN,NaN,NaN,1
1252800.096,10.00,NaN,NaN,NaN,NaN,NaN,NaN,NaN,NaN,NaN,0
1267200.048,2.00,NaN,NaN,NaN,NaN,NaN,NaN,NaN,NaN,NaN,1
1267200.048,10.00,NaN,NaN,NaN,NaN,NaN,NaN,NaN,NaN,NaN,0
1281599.976,2.00,NaN,NaN,NaN,NaN,NaN,NaN,NaN,NaN,NaN,1
1281599.976,10.00,NaN,NaN,NaN,NaN,NaN,NaN,NaN,NaN,NaN,0
1296000.096,2.00,NaN,NaN,NaN,NaN,NaN,NaN,NaN,NaN,NaN,1
1296000.096,10.00,NaN,NaN,NaN,NaN,NaN,NaN,NaN,NaN,NaN,0
1310400.048,2.00,NaN,NaN,NaN,NaN,NaN,NaN,NaN,NaN,NaN,1
1310400.048,10.00,NaN,NaN,NaN,NaN,NaN,NaN,NaN,NaN,NaN,0
1324799.976,2.00,NaN,NaN,NaN,NaN,NaN,NaN,NaN,NaN,NaN,1
1324799.976,10.00,NaN,NaN,NaN,NaN,NaN,NaN,NaN,NaN,NaN,0
1339200.096,2.00,NaN,NaN,NaN,NaN,NaN,NaN,NaN,NaN,NaN,1
1339200.096,10.00,NaN,NaN,NaN,NaN,NaN,NaN,NaN,NaN,NaN,0
1353600.048,2.00,NaN,NaN,NaN,NaN,NaN,NaN,NaN,NaN,NaN,1
1353600.048,10.00,NaN,NaN,NaN,NaN,NaN,NaN,NaN,NaN,NaN,0
1367999.976,2.00,NaN,NaN,NaN,NaN,NaN,NaN,NaN,NaN,NaN,1
1367999.976,10.00,NaN,NaN,NaN,NaN,NaN,NaN,NaN,NaN,NaN,0
1382400.096,2.00,NaN,NaN,NaN,NaN,NaN,NaN,NaN,NaN,NaN,1
1382400.096,10.00,NaN,NaN,NaN,NaN,NaN,NaN,NaN,NaN,NaN,0
1396800.048,2.00,NaN,NaN,NaN,NaN,NaN,NaN,NaN,NaN,NaN,1
1396800.048,10.00,NaN,NaN,NaN,NaN,NaN,NaN,NaN,NaN,NaN,0
1411199.976,2.00,NaN,NaN,NaN,NaN,NaN,NaN,NaN,NaN,NaN,1
1411199.976,10.00,NaN,NaN,NaN,NaN,NaN,NaN,NaN,NaN,NaN,0
1425600.096,2.00,NaN,NaN,NaN,NaN,NaN,NaN,NaN,NaN,NaN,1
1425600.096,10.00,NaN,NaN,NaN,NaN,NaN,NaN,NaN,NaN,NaN,0
1440000.048,2.00,NaN,NaN,NaN,NaN,NaN,NaN,NaN,NaN,NaN,1
1440000.048,10.00,NaN,NaN,NaN,NaN,NaN,NaN,NaN,NaN,NaN,0
1454399.976,2.00,NaN,NaN,NaN,NaN,NaN,NaN,NaN,NaN,NaN,1
1454399.976,10.00,NaN,NaN,NaN,NaN,NaN,NaN,NaN,NaN,NaN,0
1468800.096,2.00,NaN,NaN,NaN,NaN,NaN,NaN,NaN,NaN,NaN,1
1468800.096,10.00,NaN,NaN,NaN,NaN,NaN,NaN,NaN,NaN,NaN,0
1483200.048,2.00,NaN,NaN,NaN,NaN,NaN,NaN,NaN,NaN,NaN,1
1483200.048,10.00,NaN,NaN,NaN,NaN,NaN,NaN,NaN,NaN,NaN,0
1497599.976,2.00,NaN,NaN,NaN,NaN,NaN,NaN,NaN,NaN,NaN,1
1497599.976,10.00,NaN,NaN,NaN,NaN,NaN,NaN,NaN,NaN,NaN,0
1512000.096,2.00,NaN,NaN,NaN,NaN,NaN,NaN,NaN,NaN,NaN,1
1512000.096,10.00,NaN,NaN,NaN,NaN,NaN,NaN,NaN,NaN,NaN,0
1526400.048,2.00,NaN,NaN,NaN,NaN,NaN,NaN,NaN,NaN,NaN,1
1526400.048,10.00,NaN,NaN,NaN,NaN,NaN,NaN,NaN,NaN,NaN,0
1540799.976,2.00,NaN,NaN,NaN,NaN,NaN,NaN,NaN,NaN,NaN,1
1540799.976,10.00,NaN,NaN,NaN,NaN,NaN,NaN,NaN,NaN,NaN,0
1555200.096,2.00,NaN,NaN,NaN,NaN,NaN,NaN,NaN,NaN,NaN,1
1555200.096,10.00,NaN,NaN,NaN,NaN,NaN,NaN,NaN,NaN,NaN,0
1569600.048,2.00,NaN,NaN,NaN,NaN,NaN,NaN,NaN,NaN,NaN,1
1569600.048,10.00,NaN,NaN,NaN,NaN,NaN,NaN,NaN,NaN,NaN,0
1583999.976,2.00,NaN,NaN,NaN,NaN,NaN,NaN,NaN,NaN,NaN,1
1583999.976,10.00,NaN,NaN,NaN,NaN,NaN,NaN,NaN,NaN,NaN,0
1598400.096,2.00,NaN,NaN,NaN,NaN,NaN,NaN,NaN,NaN,NaN,1
1598400.096,10.00,NaN,NaN,NaN,NaN,NaN,NaN,NaN,NaN,NaN,0
1612800.048,2.00,NaN,NaN,NaN,NaN,NaN,NaN,NaN,NaN,NaN,1
1612800.048,10.00,NaN,NaN,NaN,NaN,NaN,NaN,NaN,NaN,NaN,0
1627200.144,2.00,NaN,NaN,NaN,NaN,NaN,NaN,NaN,NaN,NaN,1
1627200.144,10.00,NaN,NaN,NaN,NaN,NaN,NaN,NaN,NaN,NaN,0
1641600.096,2.00,NaN,NaN,NaN,NaN,NaN,NaN,NaN,NaN,NaN,1
1641600.096,10.00,NaN,NaN,NaN,NaN,NaN,NaN,NaN,NaN,NaN,0
1656000.048,2.00,NaN,NaN,NaN,NaN,NaN,NaN,NaN,NaN,NaN,1
1656000.048,10.00,NaN,NaN,NaN,NaN,NaN,NaN,NaN,NaN,NaN,0
1670400.144,2.00,NaN,NaN,NaN,NaN,NaN,NaN,NaN,NaN,NaN,1
1670400.144,10.00,NaN,NaN,NaN,NaN,NaN,NaN,NaN,NaN,NaN,0
1684800.096,2.00,NaN,NaN,NaN,NaN,NaN,NaN,NaN,NaN,NaN,1
1684800.096,10.00,NaN,NaN,NaN,NaN,NaN,NaN,NaN,NaN,NaN,0
1699200.048,2.00,NaN,NaN,NaN,NaN,NaN,NaN,NaN,NaN,NaN,1
1699200.048,10.00,NaN,NaN,NaN,NaN,NaN,NaN,NaN,NaN,NaN,0
1713600.144,2.00,NaN,NaN,NaN,NaN,NaN,NaN,NaN,NaN,NaN,1
1713600.144,10.00,NaN,NaN,NaN,NaN,NaN,NaN,NaN,NaN,NaN,0
1727999.928,2.00,NaN,NaN,NaN,NaN,NaN,NaN,NaN,NaN,NaN,1
1727999.928,10.00,NaN,NaN,NaN,NaN,NaN,NaN,NaN,NaN,NaN,0
1742400.048,2.00,NaN,NaN,NaN,NaN,NaN,NaN,NaN,NaN,NaN,1
1742400.048,10.00,NaN,NaN,NaN,NaN,NaN,NaN,NaN,NaN,NaN,0
1756800.144,2.00,NaN,NaN,NaN,NaN,NaN,NaN,NaN,NaN,NaN,1
1756800.144,10.00,NaN,NaN,NaN,NaN,NaN,NaN,NaN,NaN,NaN,0
1771199.928,2.00,NaN,NaN,NaN,NaN,NaN,NaN,NaN,NaN,NaN,1
1771199.928,10.00,NaN,NaN,NaN,NaN,NaN,NaN,NaN,NaN,NaN,0
1785600.048,2.00,NaN,NaN,NaN,NaN,NaN,NaN,NaN,NaN,NaN,1
1785600.048,10.00,NaN,NaN,NaN,NaN,NaN,NaN,NaN,NaN,NaN,0
1800000.144,2.00,NaN,NaN,NaN,NaN,NaN,NaN,NaN,NaN,NaN,1
1800000.144,10.00,NaN,NaN,NaN,NaN,NaN,NaN,NaN,NaN,NaN,0
1814399.928,2.00,NaN,NaN,NaN,NaN,NaN,NaN,NaN,NaN,NaN,1
1814399.928,10.00,NaN,NaN,NaN,NaN,NaN,NaN,NaN,NaN,NaN,0
1828800.048,2.00,NaN,NaN,NaN,NaN,NaN,NaN,NaN,NaN,NaN,1
1828800.048,10.00,NaN,NaN,NaN,NaN,NaN,NaN,NaN,NaN,NaN,0
1843200.144,2.00,NaN,NaN,NaN,NaN,NaN,NaN,NaN,NaN,NaN,1
1843200.144,10.00,NaN,NaN,NaN,NaN,NaN,NaN,NaN,NaN,NaN,0
1857599.928,2.00,NaN,NaN,NaN,NaN,NaN,NaN,NaN,NaN,NaN,1
1857599.928,10.00,NaN,NaN,NaN,NaN,NaN,NaN,NaN,NaN,NaN,0
1872000.048,2.00,NaN,NaN,NaN,NaN,NaN,NaN,NaN,NaN,NaN,1
1872000.048,10.00,NaN,NaN,NaN,NaN,NaN,NaN,NaN,NaN,NaN,0
1886400.144,2.00,NaN,NaN,NaN,NaN,NaN,NaN,NaN,NaN,NaN,1
1886400.144,10.00,NaN,NaN,NaN,NaN,NaN,NaN,NaN,NaN,NaN,0
1900799.928,2.00,NaN,NaN,NaN,NaN,NaN,NaN,NaN,NaN,NaN,1
1900799.928,10.00,NaN,NaN,NaN,NaN,NaN,NaN,NaN,NaN,NaN,0
1915200.048,2.00,NaN,NaN,NaN,NaN,NaN,NaN,NaN,NaN,NaN,1
1915200.048,10.00,NaN,NaN,NaN,NaN,NaN,NaN,NaN,NaN,NaN,0
1929600.144,2.00,NaN,NaN,NaN,NaN,NaN,NaN,NaN,NaN,NaN,1
1929600.144,10.00,NaN,NaN,NaN,NaN,NaN,NaN,NaN,NaN,NaN,0
1943999.928,2.00,NaN,NaN,NaN,NaN,NaN,NaN,NaN,NaN,NaN,1
1943999.928,10.00,NaN,NaN,NaN,NaN,NaN,NaN,NaN,NaN,NaN,0
1958400.048,2.00,NaN,NaN,NaN,NaN,NaN,NaN,NaN,NaN,NaN,1
1958400.048,10.00,NaN,NaN,NaN,NaN,NaN,NaN,NaN,NaN,NaN,0
1972800.144,2.00,NaN,NaN,NaN,NaN,NaN,NaN,NaN,NaN,NaN,1
1972800.144,10.00,NaN,NaN,NaN,NaN,NaN,NaN,NaN,NaN,NaN,0
1987199.928,2.00,NaN,NaN,NaN,NaN,NaN,NaN,NaN,NaN,NaN,1
1987199.928,10.00,NaN,NaN,NaN,NaN,NaN,NaN,NaN,NaN,NaN,0
2001600.048,2.00,NaN,NaN,NaN,NaN,NaN,NaN,NaN,NaN,NaN,1
2001600.048,10.00,NaN,NaN,NaN,NaN,NaN,NaN,NaN,NaN,NaN,0
2016000.144,2.00,NaN,NaN,NaN,NaN,NaN,NaN,NaN,NaN,NaN,1
2016000.144,10.00,NaN,NaN,NaN,NaN,NaN,NaN,NaN,NaN,NaN,0
2030399.928,2.00,NaN,NaN,NaN,NaN,NaN,NaN,NaN,NaN,NaN,1
2030399.928,10.00,NaN,NaN,NaN,NaN,NaN,NaN,NaN,NaN,NaN,0
2044800.048,2.00,NaN,NaN,NaN,NaN,NaN,NaN,NaN,NaN,NaN,1
2044800.048,10.00,NaN,NaN,NaN,NaN,NaN,NaN,NaN,NaN,NaN,0
2059200.144,2.00,NaN,NaN,NaN,NaN,NaN,NaN,NaN,NaN,NaN,1
2059200.144,10.00,NaN,NaN,NaN,NaN,NaN,NaN,NaN,NaN,NaN,0
