height_m,Delta_SCM_m2,Delta_closure_m2,Delta_geom_m2,tau_dz_m2
10.0,-30.74504330996607,-0.3514963799951748,-30.429112173423256,0.03556524345236037
11.0,-23.5143535715351,-0.33398366268955093,-23.21394835012667,0.03357844128112265
12.0,-40.05070965912065,-0.3183167175829916,-39.76398458064754,0.031591639109884925
13.0,-62.00348336718465,-0.3087830583173205,-61.72430514580598,0.029604836938647208
14.0,-80.16149140113635,-0.30423237481258436,-79.88487706109117,0.027618034767409483
15.0,-91.10281222133065,-0.3039236972843258,-90.82451975664249,0.02563123259617176
16.0,-94.75464745822023,-0.30741445081643254,-94.47087743782873,0.023644430424934033
17.0,-92.6995374807227,-0.3144739553153467,-92.40672115366104,0.021657628253696316
18.0,-87.07424231792552,-0.32501746512100904,-86.76889567888698,0.01967082608245859
19.0,-79.92358750431148,-0.3390571340056493,-79.60221439421706,0.017684023911220877
20.0,-72.88756278875499,-0.3566665827472651,-72.54659342774771,0.01569722173998315
21.0,-67.11595001760142,-0.3779560379203688,-66.75170439924979,0.01371041956874543
22.0,-63.32074487220577,-0.40305530200231476,-62.929413187600964,0.011723617397507708
23.0,-61.89262551137241,-0.4321021063492559,-61.47026022024942,0.009736815226269985
24.0,-63.02370953919914,-0.46523369005150866,-62.566225862202664,0.007750013055032262
25.0,-66.79482908889631,-0.5025797391338469,-66.29801256064626,0.005763210883794538
26.0,-73.20154218321134,-0.5442551120219716,-72.66106347990193,0.0037764087125568184
27.0,-82.10908690215733,-0.5903510686521447,-81.52052544004651,0.0017896065413190946
28.0,-93.14247325880531,-0.640924012056706,-92.50135205111869,-0.000197195629918625
29.0,-105.57064429583416,-0.6959810427139264,-104.87247925531908,-0.0021839978011563487
30.0,-118.41725052810501,-0.7554619174063879,-117.65761781072622,-0.004170799972394073
31.0,-130.5660833219182,-0.8192172957878152,-129.74070842398675,-0.006157602143631795
32.0,-140.81927487567728,-0.8869834493140114,-139.9241470220484,-0.008144404314869515
33.0,-147.9950657585761,-0.9583538986492942,-147.02658065344067,-0.010131206486107236
34.0,-151.04355520267043,-1.0327487371155628,-149.99868845689753,-0.012118008657344961
35.0,-149.16488867692206,-1.1093826892068457,-148.04140117688664,-0.014104810828582684
36.0,-141.91665139703568,-1.1872332446479372,-140.71332653938794,-0.01609161299982041
37.0,-129.29955055014472,-1.2650104999314467,-128.01646163504222,-0.018078415171058123
38.0,-111.81278313863247,-1.341130630723325,-110.45158729056685,-0.020065217342295844
39.0,-90.47280047261496,-1.4136952099826718,-89.03705324311875,-0.022052019513533572
40.0,-66.79149446583862,-1.4804788780973461,-65.28697676605651,-0.02403882168477129
41.0,-42.71214501498553,-1.5389281627926703,-41.14719122833685,-0.02602562385600901
42.0,-20.503781867608975,-1.5861745380262002,-18.88959490355553,-0.028012426027246733
43.0,-2.616928509159013,-1.6190651025373295,-0.9678641784231985,-0.02999922819848446
44.0,8.493990275211083,-1.6342145501761731,10.160190855756978,-0.03198603036972218
45.0,10.57398138313059,-1.6280823955919554,12.236036611263504,-0.0339728325409599
46.0,1.8207439431060688,-1.5980989698914614,3.4252360922178138,-0.00639317922028368
47.0,-18.988301421275224,-1.5466672976498255,-17.46282059772579,0.02118647410039255
48.0,-52.28650936465735,-1.4796237213132535,-50.855651770765164,0.04876612742106877
49.0,-97.6582755252957,-1.4053647918080432,-96.32925651422941,0.07634578074174499
50.0,-153.77929962403255,-1.3346048487210138,-152.54862020937398,0.10392543406242123
51.0,-218.39796260124044,-1.2800162522660443,-217.24945143635748,0.13150508738309744
52.0,-288.3644540600913,-1.2558796527747893,-287.26765914802024,0.15908474070377365
53.0,-359.7146278075848,-1.277927845241828,-358.6233643563674,0.1866643940244499
54.0,-427.8159048078413,-1.363622918246695,-426.66652593693976,0.21424404734512612
55.0,-487.9633308450765,-1.5215292564846736,-486.3437319956135,-0.09806959297832586
56.0,-535.0537531053662,-1.7093110521477417,-532.9340588199167,-0.41038323330177784
57.0,-565.3762407052347,-1.852397951062187,-562.8011458805473,-0.7226968736252298
58.0,-576.6910249113309,-1.8479743375175164,-573.8080400598648,-1.0350105139486818
59.0,-568.4585447096041,-1.561019651277372,-565.5502009040547,-1.347324154272134
60.0,-541.8913131154653,-0.834962838231998,-539.3967124826378,-1.6596377945955858
61.0,-499.84702386088543,0.46278293234638407,-498.33785535831277,-1.9719514349190375
62.0,-446.60611780265236,2.3329372813153646,-446.65479000872523,-2.28426507524249
63.0,-293.64133502997646,4.439451491642691,-295.4842078060532,-2.5965787155659417
64.0,-30.580526276106248,5.59695022593064,-39.163697712838044,2.986221210801153
65.0,-17.766556790715796,3.1827212379388023,-29.51829916582285,8.569021137168248
66.0,-17.327741953723958,-4.801201292762492,-26.678361724496806,14.15182106353534
67.0,-30.664761047448668,-16.53643432097021,-18.46079600825618,4.332469281777723
68.0,-39.42219484886231,-26.063044335656738,-7.872268013225673,-5.486882499979896
69.0,-34.12571489343937,-29.988993724239165,0.3875252546146323,-4.524246423814842
70.0,-26.967977039007494,-29.274378188806363,5.868011497448661,-3.561610347649788
71.0,-19.2259316247155,-25.80463785467523,9.177680501444467,-2.598974271484734
72.0,-11.916914557236007,-21.18730008398945,10.90672372207312,-1.6363381953196796
73.0,-6.2597128116893686,-16.497671153165548,11.573504262380899,-1.3355459209047198
74.0,-1.918289823520455,-12.302731344757488,11.419195167726793,-1.0347536464897598
75.0,1.0255922698360007,-8.857848613911575,10.617402255822375,-0.7339613720747998
76.0,1.6018807922690301,-7.3094332408405505,9.34448313076942,-0.43316909765983985
77.0,-4.315654604719444,-11.961915358178631,7.778637576704067,-0.13237682324487984
78.0,8.690801466400146,2.423168644846317,6.099217370383748,0.16841545117008005
79.0,5.81764146971188,0.8622036516745525,4.4862300924522875,0.46920772558504004
80.0,4.2,0.31,3.12,0.77
81.0,2.874565917316934,0.12840756340303125,2.1343410657760145,0.6118172881378886
82.0,1.9912449039285223,0.060883971131707564,1.4767263565210376,0.4536345762757773
83.0,1.3757440849968716,0.03193524773683966,1.048356972846366,0.29545186441366583
84.0,0.9060918061533347,0.0177776876595785,0.7510449659422016,0.13726915255155456
85.0,0.4768697892054238,0.010045989869249946,0.4877373586467308,-0.020913559310556946
86.0,-0.009936747300074655,0.005708444741641372,0.16345107913095228,-0.1790962711726683
87.0,-0.6470600540676227,0.0033160175715641537,-0.3130970886044071,-0.3372789830347797
88.0,-1.520265844946975,0.001813375308882437,-1.0266175253589664,-0.49546169489689107
89.0,-2.703529139294628,0.00019652495007817944,-2.050081257485704,-0.6536444067590025
90.0,-1.5212518879748311,-0.001773327956448275,-3.1613521603007206,1.6418736002823378
91.0,0.9235371993290467,-0.0011547519069188524,-3.012699656087712,3.937391607323678
92.0,6.276636383824438,0.006403035788206235,0.03732373367121209,6.23290961436502
93.0,-11.647279269367402,0.03142017409685813,4.929098665443559,-16.60779810890782
94.0,-40.309754839036906,0.03933886310832345,-0.900587869964576,-39.44850583218065
95.0,85.1367489344939,-0.10390652108168026,-45.50693975946355,130.74759521503913
96.0,-2512.7760165979566,1.0572806315680436,-2707.13774021229,193.30444298276512
97.0,-20731.79237832494,17.120859995970793,-18864.189778633998,-1884.7234596869118
98.0,-122613.4164671909,-34.848011149664515,-130931.19601836159,8352.627562320358
99.0,-542613.9710465075,-2921.357425162025,-520130.6894355725,-19561.924185772903
100.0,-77374.71228035116,179.43002074687902,-99467.22206118204,21913.079760083998
101.0,-13416.88450271112,-2734.7015975202517,-886.253097297031,-9795.929807893837
102.0,-53845.30708421873,-602.8658012033342,-52996.67289671853,-245.76838629685915
103.0,-456673.9159068295,21.22257381083572,-457428.47788892617,733.3394082858009
104.0,-168204.40465246123,-1.046566194669428,-168527.08332041805,323.7252341514979
105.0,-20538.20189436435,0.4154993529653847,-20452.72845373451,-85.888939982805
106.0,-4929.703694488994,0.2806667329980097,-4889.303190220084,-40.681171001907984
107.0,-3129.3216609051365,0.05296504804746905,-3133.9012239321733,4.526597978989027
108.0,-5.0365671562833665,0.012259137561000487,-8.832920416285722,3.784094122441355
109.0,-4.1173606857634795,0.004218381654794081,-7.163169333311957,3.0415902658936838
110.0,-5.37171968924948,-0.0011348863378053797,-7.669671212257687,2.299086409346012
111.0,-3.2205127532617754,-0.0033245700617969324,-4.773770735998319,1.5565825527983406
112.0,-0.9616651136910574,-0.00200857749194459,-1.7737352324497815,0.8140786962506685
113.0,0.45382039166745985,0.0007202452391316623,0.3815253067253313,0.07157483970299688
114.0,0.9551293309863123,0.0034506080583580744,1.622607739772629,-0.6709290168446749
115.0,0.6039838088720069,0.00757546853483663,2.0098412137295165,-1.4134328733923465
116.0,0.9912079557809504,0.01577812098472983,1.7019127176186826,-0.726482882822462
117.0,1.0584971291196033,0.02972253666685664,1.0683074847053242,-0.03953289225257745
118.0,1.2237190340886204,0.05132176421187927,0.5249801715594339,0.6474170983173071
119.0,1.910402908232534,0.09149321406499474,0.48454260528034776,1.3343670888871915
120.0,3.576237552493539,0.19782995539571674,1.3570905176407455,2.0213170794570763
121.0,6.822995818890749,0.5636044004170835,3.551124348446705,2.7082670700269604
122.0,12.95323888179478,2.0835919817037536,7.4744298394941815,3.395217060596845
123.0,15.119081285828349,-2.4979996735492085,13.534913908210827,4.08216705116673
124.0,11.464649910156728,-15.445967389377573,22.141500257797688,4.769117041736614
125.0,32.425091214933126,-26.736939393802103,35.59796544280249,23.56406516593274
126.0,44.69122874703937,-61.45328184554798,63.78549730245848,42.359013290128864
127.0,20.839700881209097,-158.79922008713282,118.48495955401692,61.153961414324996
128.0,-966.9114208862169,-377.12437417493294,128.05722157353154,-717.8442682848155
129.0,-66.16754625768567,-334.64999757463926,-116.09050933364836,384.57296065060194
130.0,288.77689917572366,-22.532316439475345,-219.017562980884,530.326778596083
131.0,-293.67284924754625,23.329828148371465,-84.29784225331055,-232.70483514260715
132.0,-119.80027755399323,0.2489906157419336,-4.41130923254999,-115.63795893718518
133.0,-10.454825753009963,-2.0288619862304818,-9.854881035016305,1.4289172682368239
134.0,-750.6250307979095,-1.0808009805851222,-750.8053003589731,1.261070541648687
135.0,-1238.6474410905944,-0.46352981663759046,-1239.2771350890173,1.09322381506055
136.0,-2030.9128947247655,-0.05326442455751165,-2031.7850073886805,0.9253770884724131
137.0,-3295.7534509249144,0.19705640311060996,-3296.7080376899094,0.7575303618842761
138.0,-5278.87671512053,0.3101870512908657,-5279.776585807117,0.5896836352961392
139.0,-8331.274664483859,0.30907922311341984,-8332.005580615682,0.4218369087080024
140.0,-12944.53079792782,0.22390231225411295,-12945.008690422195,0.2539901821198654
141.0,-19794.783574081077,0.08992801416050064,-19794.959645550767,0.08614345553172847
142.0,-29796.712620647428,-0.0574529399751782,-29796.5734644364,-0.08170327105640846
143.0,-43586.74779143646,-0.18639416605938808,-43586.31184727276,-0.24954999764454538
144.0,-53993.742781048175,-0.2688294897441509,-53993.0565548342,-0.4173967242326823
145.0,-40693.48109219535,-0.2772537752882582,-40692.61859496924,-0.5852434508208192
146.0,-12045.498580026491,-0.18010133046755863,-12044.565388518613,-0.7530901774089561
147.0,-1193.9311505906278,0.060145379207172604,-1193.070359065838,-0.920936903997093
148.0,-278.4468068406305,0.4799038502824785,-277.83792706032773,-1.08878363058523
149.0,-425.42076851551093,1.090203515058451,-425.254341673396,-1.2566303571733668
150.0,-14866.628259685198,1.8247884656590385,-14867.028571067096,-1.4244770837615037
